{
	 "skeleton": {
		 "arm": [0.000000,0.000000,0.000000],
		 "ATTOVERCOG": [0.000000,0.000000,60.000000],
		 "barrel": [0.000000,0.000000,0.000000],
		 "bolt5": [0.000000,35.000000,40.000000],
		 "bottom": [0.000000,0.000000,0.000000],
		 "root": [0.000000,0.000000,0.000000]
	},
   "animation_root" : "file(animations)",
   "effects_root" : "file(effects)"
}
