{
	 "skeleton": {
		 "arm": [0.000000,0.000000,0.000000],
		 "ATTOVERCOG": [0.000000,-0.000006,70.000008],
		 "bolt5": [0.000000,32.000000,28.000000],
		 "bottom": [0.000000,0.000000,0.000000],
		 "root": [0.000000,0.000000,0.000000]
	},
   "animation_root" : "file(animations)",
   "effects_root" : "file(effects)"
}
