{
	 "skeleton": {
		 "arm": [0.000000,-47.499996,22.000000],
		 "ATTOVERCOG": [0.000000,-0.000007,80.000008],
		 "barrel": [0.000000,0.000000,0.000000],
		 "bolt5": [0.000000,35.000000,38.000000],
		 "bottom": [0.000000,0.000000,0.000000],
		 "root": [0.000000,0.000000,0.000000]
	},
   "animation_root" : "file(animations)",
   "effects_root" : "file(effects)"
}
